,회사명
중앙오션,9
이리츠코크렙,8
지엔씨에너지,7
경인전자,7
다우데이타,7
태평양물산,7
장원테크,7
본느,7
인천도시가스,7
한솔홈데코,7
한양디지텍,7
우수AMS,7
유티아이,7
현대자동차,7
파인텍,7
하나투어,7
에스제이엠홀딩스,7
네패스,7
유니크,7
엘앤씨바이오,7
GKL,7
케이엔더블유,7
동원F&B,7
한국전자홀딩스,7
네오펙트,7
이건홀딩스,7
한국아트라스비엑스,7
락앤락,7
한국알콜,7
오로라,7
무림페이퍼,7
유니온머티리얼,7
우진아이엔에스,7
딜리,7
성우테크론,7
DMS,7
삼호개발,7
인산가,7
케이디켐,7
한컴위드,7
지니언스,7
케이엠,7
무학,7
삼성물산,7
에프에스티,7
신원종합개발,7
케이아이엔엑스,7
고려제강,7
모헨즈,7
네오위즈,7
일진홀딩스,7
쌍용양회공업,7
크리스탈,7
코디엠,7
원풍,7
컴투스,7
와이엔텍,7
녹십자셀,7
이테크건설,7
상신브레이크,7
티엘아이,7
오르비텍,7
동방,7
한라IMS,7
더블유에프엠,7
휴비스,7
국제약품,7
브이원텍,7
코나아이,7
데브시스터즈,7
디자인,7
일진머티리얼즈,7
선창산업,7
펄어비스,7
SK바이오랜드,7
세아제강지주,7
필옵틱스,7
테라젠이텍스,7
원익IPS,7
이엘피,7
iMBC,7
신신제약,7
행남사,7
동방아그로,7
그리티,7
위지트,7
와이지-원,7
셀트리온제약,7
대우조선해양,7
메지온,7
에프앤리퍼블릭,7
진원생명과학,7
대한방직,7
신세계,7
한화,7
뉴프렉스,7
대유에이텍,7
하이록코리아,7
디에스티,7
LG전자,7
영원무역홀딩스,7
한미글로벌,7
에이치엘비생명과학,7
미래컴퍼니,7
광림,7
비상교육,7
텔코웨어,7
동아에스티,7
이엔에프테크놀로지,7
코스맥스엔비티,7
신한,7
두올산업,7
케이피에스,7
크리스에프앤씨,7
에스텍파마,7
성신양회,7
테크윙,7
화천기공,7
영보화학,7
TPC,7
삼화네트웍스,7
포스코 ICT,7
환인제약,7
큐로홀딩스,7
한창,7
조아제약,7
선익시스템,7
우리기술,7
신한알파리츠,7
씨엠에스에듀,7
모토닉,7
서울반도체,7
에이씨티,7
덕성,7
LG하우시스,7
율촌화학,7
메디톡스,7
쎄트렉아이,7
덕산하이메탈,7
토비스,7
쌍용자동차,7
엘비세미콘,7
이에스에이,7
SK가스,7
SM C&C,7
서호전기,7
디에이테크놀로지,7
SK하이닉스,7
이상네트웍스,7
인터파크,7
삼성에스디에스,7
이엠텍,7
대원화성,7
KEC,7
아진산업,7
소리바다,7
셀바스헬스케어,7
삼화전기,7
로보로보,7
쿠쿠홀딩스,7
아이에이,7
경창산업,7
대주전자재료,7
멀티캠퍼스,7
아이마켓코리아,7
메타바이오메드,7
씨아이테크,7
평화산업,7
삼영전자공업,7
SK,7
제일기획,7
세아홀딩스,7
씨티씨바이오,7
아세아제지,7
부산산업,7
루멘스,7
신화콘텍,7
KG케미칼,7
금강공업,7
모두투어,7
남영비비안,7
유니온,7
캔서롭,7
테라셈,7
유니트론텍,7
유테크,7
에이치케이,7
유진테크,7
액션스퀘어,7
현대건설,7
HB테크놀러지,7
F&F,7
금호타이어,7
코스맥스,7
루트로닉,7
엠에스오토텍,7
SPC삼립,7
일진다이아,7
이노인스트루먼트,7
대창,7
해마로푸드서비스,7
케이씨티시,7
웨이브일렉트로,7
엔케이,7
국동,7
지투알,7
알테오젠,7
케이피에프,7
LF,7
디아이티,7
종근당홀딩스,7
THE E&M,7
하림지주,7
롯데관광개발,7
유유제약,7
한세실업,7
금호전기,7
엑셈,7
하이트진로,7
제일테크노스,7
쎌바이오텍,7
푸른기술,7
남광토건,7
디케이디앤아이,7
드림텍,7
한솔로지스틱스,7
롯데제과,7
보령제약,7
휴스틸,7
디에스케이,7
JW중외제약,7
휴켐스,7
로보스타,7
한국타이어앤테크놀로지,7
플랜티넷,7
선도전기,7
삼화전자공업,7
시너지이노베이션,7
사람인에이치알,7
나이스정보통신,7
티비씨,7
키위미디어그룹,7
와이제이엠게임즈,7
티에스이,7
한국테크놀로지그룹,7
제이엔케이히터,7
인화정공,7
나무기술,7
배럴,7
KBI메탈,7
인터지스,7
GS홈쇼핑,7
제주항공,7
대한유화,7
한솔홀딩스,7
서울옥션,7
현대그린푸드,7
클리오,7
광동제약,7
CJ제일제당,7
서연이화,7
KC그린홀딩스,7
세화아이엠씨,7
LG디스플레이,7
비에이치,7
코너스톤네트웍스,7
인포마크,7
엘컴텍,7
삼성공조,7
에스엠,7
팜스토리,7
라이브플렉스,7
S&T중공업,7
부광약품,7
액토즈소프트,7
DB,7
아미노로직스,7
코썬바이오,7
제이씨현시스템,7
키네마스터,7
코다코,7
신풍제약,7
스맥,7
삼기오토모티브,7
삼양통상,7
신화인터텍,7
아바코,7
명문제약,7
한국화장품,7
에이치엘비파워,7
팅크웨어,7
한국코퍼레이션,7
영화테크,7
팬오션,7
파워로직스,7
유아이엘,7
GS리테일,7
초록뱀,7
케이비아이동국실업,7
메디앙스,7
사조산업,7
한일홀딩스,7
롯데정밀화학,7
대원,7
이원컴포텍,7
대웅제약,7
아이엠텍,7
세종메디칼,7
오스템임플란트,7
세종공업,7
웰크론한텍,7
티피씨글로벌,7
우리들휴브레인,7
한화솔루션,7
동성화인텍,7
예스코홀딩스,7
세코닉스,7
바이넥스,7
디아이동일,7
애경유화,7
인크로스,7
우신시스템,7
하림,7
용평리조트,7
코오롱플라스틱,7
원익,7
SCI평가정보,7
강스템바이오텍,7
한진중공업,7
무림SP,7
모다,7
에스맥,7
매일유업,7
WISCOM,7
매직마이크로,7
현대로템,7
우진플라임,7
포스링크,7
동원산업,7
한전산업,7
국순당,7
LS전선아시아,7
동양고속,7
대성홀딩스,7
오스코텍,7
현대엘리베이터,7
우리산업홀딩스,7
엔시트론,7
KISCO홀딩스,7
서플러스글로벌,7
일야,7
상상인,7
삼일제약,7
인지컨트롤스,7
JW신약,7
미래산업,7
세운메디칼,7
아모레퍼시픽그룹,7
디지틀조선,7
HDC현대EP,7
신세계푸드,7
한올바이오파마,7
홈캐스트,7
좋은사람들,7
한일네트웍스,7
케이알피앤이,7
SK이노베이션,7
롯데케미칼,7
SG세계물산,7
일진파워,7
위즈코프,7
한국선재,7
라이트론,7
서연탑메탈,7
에스트래픽,7
STX중공업,7
원일특강,7
와이엠씨,7
일동제약,7
네오위즈홀딩스,7
우노앤컴퍼니,7
넵튠,7
S-Oil,7
코렌,7
서희건설,7
오디텍,7
제우스,7
와이지엔터테인먼트,7
녹십자,7
디와이파워,7
현대바이오,7
엘티씨,7
한솔제지,7
텔레필드,7
화신,7
인성정보,7
포스코,7
골프존뉴딘홀딩스,7
인텔리안테크,7
남양유업,7
케어랩스,7
덕신하우징,7
오픈베이스,7
엔피케이,7
동일고무벨트,7
삼지전자,7
유니슨,7
메타랩스,7
UCI,7
셀트리온헬스케어,7
대성에너지,7
지어소프트,7
인선이엔티,7
아모레퍼시픽,7
경동나비엔,7
현대종합상사,7
성우하이텍,7
엠게임,7
제이엠티,7
상보,7
휴비츠,7
지엔코,7
넥스트사이언스,7
코아스템,7
동양피스톤,7
경인양행,7
웹젠,7
롯데칠성음료,7
디티앤씨,7
아난티,7
모다이노칩,7
MH에탄올,7
에코캡,7
SBS콘텐츠허브,7
삼보판지,7
이수페타시스,7
삼성중공업,7
레드캡투어,7
한국프랜지공업,7
에코바이오,7
케이티,7
한전KPS,7
에스마크,7
일신방직,7
엔브이에이치코리아,7
대한해운,7
성광벤드,7
GV,7
우리들제약,7
서흥,7
폴루스바이오팜,7
시노펙스,7
빛샘전자,7
황금에스티,7
동국알앤에스,7
가비아,7
특수건설,7
젬백스,7
코센,7
ISC,7
S&T모티브,7
에코마케팅,7
주연테크,7
우리산업,7
이지바이오,7
극동유화,7
한미약품,7
웅진,7
에이비프로바이오,7
NICE,7
대창스틸,7
대상,7
CJ프레시웨이,7
조이시티,7
상상인인더스트리,7
JW홀딩스,7
다우기술,7
한라,7
이글루시큐리티,7
에스티팜,7
LG이노텍,7
한탑,7
알루코,7
블러썸엠앤씨,7
한국수출포장공업,7
풍산홀딩스,7
파크시스템스,7
현대제철,7
슈프리마,7
현대일렉트릭,7
HRS,7
청호컴넷,7
신세계인터내셔날,7
더존비즈온,7
미원홀딩스,7
인팩,7
디젠스,7
삼양식품,7
신흥에스이씨,7
티에이치엔,7
한컴MDS,7
신대양제지,7
엠케이전자,7
NHN벅스,7
TJ미디어,7
세원셀론텍,7
빙그레,7
휠라홀딩스,7
인터파크홀딩스,7
동화약품,7
현대건설기계,7
케어젠,7
어보브반도체,7
한국공항,7
앤씨앤,7
글로벌에스엠,7
하나마이크론,7
슈피겐코리아,7
스킨앤스킨,7
인터로조,7
SM Life Design,7
이에스브이,7
영풍,7
한국단자공업,7
크라운해태홀딩스,7
한국제지,7
제이엠아이,7
우리로,7
매커스,7
아이크래프트,7
엘앤케이바이오,7
파마리서치프로덕트,7
화승인더스트리,7
엔에스엔,7
해성옵틱스,7
메디포스트,7
미투온,7
디오스텍,7
골프존,7
동양,7
싸이맥스,7
누리플랜,7
유라테크,7
사조동아원,7
KC코트렐,7
에이블씨엔씨,7
NEW,7
나무가,7
태영건설,7
삼성엔지니어링,7
잇츠한불,7
엑사이엔씨,7
지엠비코리아,7
경동도시가스,7
한미사이언스,7
JW생명과학,7
호전실업,7
에이프로젠 KIC,7
우진,7
아이센스,7
인포뱅크,7
지엘팜텍,7
메디아나,7
제낙스,7
에스엔유,7
삼성SDI,7
에스피지,7
경농,7
에이스테크,7
다나와,7
대림통상,7
이루온,7
엔씨소프트,7
서진오토모티브,7
이아이디,7
씨티케이코스메틱스,7
S&T홀딩스,7
SGA,7
케이씨피드,7
정상제이엘에스,7
텔레칩스,7
에너토크,7
KTcs,7
대주산업,7
새로닉스,7
코스모화학,7
동국S&C,7
정다운,7
한일화학,7
강원,7
아이즈비전,7
STX,7
파인테크닉스,7
디엔에이링크,7
농심홀딩스,7
오리콤,7
전방,7
한국큐빅,7
옵트론텍,7
APS홀딩스,7
쌍방울,7
하이로닉,7
대상홀딩스,7
마이크로컨텍솔,7
티웨이항공,7
모바일어플라이언스,7
네오셈,7
영우디에스피,7
신라에스지,7
선데이토즈,7
세진티에스,7
대원산업,7
엔에스,7
원익홀딩스,7
동양에스텍,7
코오롱인더,7
삼영무역,7
코콤,7
이수화학,7
한신공영,7
NICE평가정보,7
에이아이비트,7
에이엔피,7
엔텔스,7
모베이스,7
LG화학,7
피에스텍,7
CS홀딩스,7
피엔티,7
LG생활건강,7
에스엘,7
빅솔론,7
로고스바이오,7
SFA반도체,7
민앤지,7
현대중공업지주,7
구영테크,7
현대모비스,7
휴온스,7
현대리바트,7
노바텍,7
컬러레이,7
옴니시스템,7
카카오,7
두산,7
파버나인,7
태광,7
헬릭스미스,7
삼영엠텍,7
인트로메딕,7
엘브이엠씨,7
S&K폴리텍,7
시스웍,7
현대공업,7
조광ILI,7
액트로,7
마크로젠,7
에스에너지,7
미코,7
오상자이엘,7
유니드,7
금화피에스시,7
에넥스,7
삼양옵틱스,7
CNH,7
자연과환경,7
에스에이티,7
상아프론테크,7
글로벌텍스프리,7
현대오토에버,7
우리이앤엘,7
유양디앤유,7
제이브이엠,7
팜스코,7
더블유게임즈,7
삼양사,7
깨끗한나라,7
이오테크닉스,7
디앤씨미디어,7
진성티이씨,7
핸즈코퍼레이션,7
한미반도체,7
유니온커뮤니티,7
나이스디앤비,7
심텍,7
서울리거,7
한국경제TV,7
아시아나항공,7
하이소닉,7
대유에이피,7
브레인콘텐츠,7
케이엘넷,7
DB하이텍,7
대구백화점,7
오리엔탈정공,7
나스미디어,7
오킨스전자,7
로스웰,7
코리아에스이,7
동국산업,7
두산밥캣,7
유니테스트,7
두올,7
뉴로스,7
BGF리테일,7
W홀딩컴퍼니,7
태림포장,7
청담러닝,7
디이엔티,7
웰크론,7
디오,7
삼천리자전거,7
솔트웍스,7
태양,7
에프엔씨엔터,7
디지털대성,7
푸드웰,7
천보,7
인피니트헬스케어,7
SK디스커버리,7
휴림로봇,7
DRB동일,7
SG&G,7
EMW,7
녹십자홀딩스,7
파라텍,7
파인디앤씨,7
파인디지털,7
상지카일룸,7
브이티지엠피,7
판타지오,7
일진전기,7
미래나노텍,7
CS,7
YTN,7
프럼파스트,7
페이퍼코리아,7
일신바이오,7
에치에프알,7
넥센타이어,7
BYC,7
테이팩스,7
안랩,7
한라홀딩스,7
에이티세미콘,7
기가레인,7
하이비젼시스템,7
제노레이,7
KG이니시스,7
인프라웨어,7
이랜텍,7
넷마블,7
디티알오토모티브,7
주성엔지니어링,7
서린바이오,7
리노스,7
비츠로테크,7
코리아나,7
한빛소프트,7
CJ ENM,7
액트,7
한국정보인증,7
효성 ITX,7
에이치엘비,7
오리온홀딩스,7
영원무역,7
E1,7
토니모리,7
심텍홀딩스,7
SKC 솔믹스,7
차바이오텍,7
일성건설,7
누리텔레콤,7
뷰웍스,7
드림어스컴퍼니,7
일동홀딩스,7
신성델타테크,7
에스와이,7
매일홀딩스,7
엘엠에스,7
인텍플러스,7
현대위아,7
씨엔플러스,7
명성티엔에스,7
대한제분,7
비아트론,7
엠씨넥스,7
에스에이엠티,7
동진쎄미켐,7
이연제약,7
현우산업,7
유비케어,7
쎌마테라퓨틱스,7
셀트리온,7
세동,7
엠아이텍,7
팬엔터테인먼트,7
오스템,7
한프,7
솔루에타,7
한신기계공업,7
대유플러스,7
흥아해운,7
한국컴퓨터,7
파워넷,7
카스,7
삼성출판사,7
신라젠,7
웰바이오텍,7
대덕전자,7
조광페인트,7
아이디스,7
GS건설,7
풍산,7
다스코,7
신흥,7
대우건설,7
오텍,7
위니아딤채,7
아이티센,7
제노포커스,7
SH에너지화학,7
샘표,7
도화엔지니어링,7
선광,7
정원엔시스,7
대창솔루션,7
데일리블록체인,7
바이오리더스,7
디피씨,7
에스코넥,7
나노엔텍,7
평화정공,7
코아시아,7
솔브레인,7
흥국에프엔비,7
JYP Ent.,7
한국항공우주,7
GH신소재,7
써니전자,7
오공,7
AP시스템,7
한글과컴퓨터,7
인디에프,7
동국제약,7
삼표시멘트,7
로보티즈,7
셀루메드,7
종근당,7
오성첨단소재,7
한국테크놀로지,7
한일철강,7
에스제이케이,7
MP그룹,7
쏠리드,7
가온미디어,7
제일파마홀딩스,7
엑세스바이오,7
백산,7
알에프세미,7
SK케미칼,7
베뉴지,7
송원산업,7
성도이엔지,7
엔에스쇼핑,7
에버다임,7
SIMPAC,7
바이오톡스텍,7
아이디스홀딩스,7
에이치시티,7
파트론,7
미래SCI,7
한섬,7
프로스테믹스,7
갤럭시아컴즈,7
유비쿼스홀딩스,7
서원인텍,7
클래시스,7
녹십자엠에스,7
제로투세븐,7
노바렉스,7
동부건설,7
기산텔레콤,7
동아화성,7
한화에어로스페이스,7
뉴파워프라즈마,7
바다로19호,7
에스엠코어,7
알티캐스트,7
팍스넷,7
유앤아이,7
인지디스플레,7
뉴지랩,7
오리온,7
RFHIC,7
제이에스코퍼레이션,7
바이오로그디바이스,7
월덱스,7
유진기업,7
넥슨지티,7
삼본전자,7
삼익악기,7
케이티스카이라이프,7
세미콘라이트,7
동일산업,7
재영솔루텍,7
신송홀딩스,7
조선내화,7
인탑스,7
국보디자인,7
경동제약,7
호텔신라,7
서연,7
에스티아이,7
두산인프라코어,7
AK홀딩스,7
NAVER,7
엠에스씨,7
엔케이물산,7
디알텍,7
바이오스마트,7
피에스케이홀딩스,7
크리스탈신소재,7
아이에스동서,7
현대코퍼레이션홀딩스,7
녹원씨엔아이,7
코오롱글로벌,7
글로스퍼랩스,7
슈프리마에이치큐,7
신도리코,7
알에스오토메이션,7
SDN,7
한국정보통신,7
계룡건설산업,7
신풍제지,7
원림,7
모나미,7
세보엠이씨,7
휴맥스,7
슈펙스비앤피,7
푸드나무,7
스타플렉스,7
LS,7
광명전기,7
서진시스템,7
라온시큐어,7
게임빌,7
시공테크,7
효성,7
CMG제약,7
미래생명자원,7
대원강업,7
링크제니시스,7
한진중공업홀딩스,7
씨씨에스,7
DSR,7
현대미포조선,7
현진소재,7
SK디앤디,7
세아베스틸,7
풀무원,7
웹스,7
제이씨케미칼,7
제이준코스메틱,7
이녹스첨단소재,7
동아쏘시오홀딩스,7
동양이엔피,7
파티게임즈,7
큐로컴,7
투비소프트,7
성안,7
티로보틱스,7
경방,7
다산네트웍스,7
HDC아이콘트롤스,7
코렌텍,7
파라다이스,7
아미코젠,7
알톤스포츠,7
디아이,7
삼광글라스,7
메카로,7
신원,7
동성화학,7
대한제강,7
금강철강,7
예림당,7
디지탈옵틱,7
룽투코리아,7
나노캠텍,7
엘앤에프,7
한국유니온제약,7
동국제강,7
테고사이언스,7
세중,7
에스모,7
아가방컴퍼니,7
동원수산,7
에이텍티앤,7
한국정보공학,7
태양금속공업,7
SK머티리얼즈,7
서원,7
필로시스헬스케어,7
KPX홀딩스,7
듀오백,7
인베니아,7
한세예스24홀딩스,7
SGA솔루션즈,7
코맥스,7
엠젠플러스,7
뉴트리,7
인포바인,7
고영,7
CJ대한통운,7
한국카본,7
네오티스,7
세방,7
앤디포스,7
신라교역,7
창해에탄올,7
대성산업,7
강원랜드,7
디아이씨,7
케이피엠테크,7
솔고바이오,7
대한과학,7
동아엘텍,7
젬백스지오,7
감마누,7
탑엔지니어링,7
희림,7
성창오토텍,7
피앤이솔루션,7
에스에프에이,7
오뚜기,7
비츠로셀,7
상신전자,7
SG,7
엑시콘,7
유비벨록스,7
메가엠디,7
국보,7
셀바스AI,7
원익QnC,7
KSS해운,7
이노와이어리스,7
아이씨디,7
우성사료,7
국도화학,7
인바디,7
씨유메디칼,7
롯데정보통신,7
쎄미시스코,7
나노,7
동일기연,7
GS,7
GS글로벌,7
삼천리,7
톱텍,7
쇼박스,7
한국전력공사,7
덕양산업,7
안국약품,7
아이에스이커머스,7
오리엔트정공,7
지티지웰니스,7
아이씨케이,7
진양폴리우레탄,7
삼화페인트공업,7
위닉스,7
샘표식품,7
강남제비스코,7
대양전기공업,7
에코프로,7
NHN한국사이버결제,7
우리손에프앤지,7
아이엠,7
삼륭물산,7
솔본,7
대봉엘에스,7
삼원테크,7
나노스,7
CJ CGV,7
코드네이처,7
코웰패션,7
OCI,7
동원시스템즈,7
SBS,7
휴온스글로벌,7
태경산업,7
진바이오텍,7
이화산업,7
동서,7
엔지켐생명과학,7
시그네틱스,7
대성엘텍,7
한온시스템,7
컨버즈,7
대화제약,7
남성,7
코미팜,7
동화기업,7
지란지교시큐리티,7
엔에이치엔,7
넥스트아이,7
삼천당제약,7
아세아시멘트,7
한국전자금융,7
덱스터,7
블루콤,7
에이디테크놀로지,7
한독,7
범양건영,7
현대글로비스,7
쎄니트,7
CJ,7
프리엠스,7
텔콘RF제약,7
유엔젤,7
제이스텍,7
윌비스,7
삼아알미늄,7
케이티앤지,7
한국콜마홀딩스,7
에프알텍,7
에이프로젠 H&G,7
한솔테크닉스,7
한일사료,7
잉크테크,7
우리바이오,7
야스,7
코스메카코리아,7
실리콘웍스,7
윈스,7
홈센타홀딩스,7
에스티오,7
유수홀딩스,7
비트컴퓨터,7
KNN,7
노루페인트,7
한국가구,7
멕아이씨에스,7
한국석유공업,7
신영와코루,7
노루홀딩스,7
유성티엔에스,7
와이아이케이,7
씨젠,7
두산중공업,7
아이텍,7
에스제이엠,7
손오공,7
아프리카TV,7
아스타,7
EG,7
SK텔레콤,7
AJ네트웍스,7
비에이치아이,7
비덴트,7
디케이티,7
삼강엠앤티,7
쿠쿠홈시스,7
에스넷,7
덴티움,7
아세아,7
동양철관,7
이라이콤,7
유니퀘스트,7
크로바하이텍,7
한일진공,7
롯데쇼핑,7
예스티,7
대한광통신,7
제주반도체,7
케이엠더블유,7
선진,7
성문전자,7
미원에스씨,7
화승알앤에이,7
모바일리더,7
현대홈쇼핑,7
도이치모터스,7
진도,7
유진로봇,7
이엠넷,7
진양홀딩스,7
HSD엔진,7
아이앤씨,7
엠플러스,7
대한전선,7
남선알미늄,7
뉴인텍,7
키이스트,7
카페24,7
참엔지니어링,7
풍국주정,7
메가스터디교육,7
동일금속,7
인터플렉스,7
오이솔루션,7
에스원,7
이니텍,7
원익큐브,7
이건산업,7
에스에프씨,7
금호석유화학,7
동양물산기업,7
휘닉스소재,7
조이맥스,7
금호에이치티,7
대림비앤코,7
경동인베스트,7
한진,7
윙입푸드,7
크린앤사이언스,7
육일씨엔에쓰,7
YW,7
바디텍메드,7
휴젤,7
서울전자통신,7
제닉,7
이녹스,7
코스온,7
코메론,7
기아자동차,7
퓨쳐스트림네트웍스,7
이노션,7
웅진씽크빅,7
신진에스엠,7
BGF,7
엘아이에스,7
화진,7
대동공업,7
삼부토건,7
에코마이스터,7
티웨이홀딩스,7
이크레더블,7
YG PLUS,7
포스코케미칼,7
화이브라더스코리아,7
나노신소재,7
아스트,7
대림산업,7
마니커,7
에스폴리텍,7
대한제당,7
한양이엔지,7
KG모빌리언스,7
SK네트웍스,7
세방전지,7
비디아이,7
TCC스틸,7
수산중공업,7
상신이디피,7
삼화콘덴서공업,7
에이프로젠제약,7
서산,7
헝셩그룹,7
알파홀딩스,7
코스맥스비티아이,7
휴메딕스,7
포스코강판,7
에쓰씨엔지니어링,7
동아지질,7
자화전자,7
나라엠앤디,7
SKC,7
인스코비,7
대양제지,7
크루셜텍,7
메가스터디,7
와이엠티,7
큐에스아이,7
이엘케이,7
미스터블루,7
리더스코스메틱,7
버추얼텍,7
한일단조,7
바른전자,7
코이즈,7
엔케이맥스,7
모베이스전자,7
램테크놀러지,7
삼보모터스,7
피앤텔,7
한세엠케이,7
지역난방공사,7
백금T&A,7
제일연마,7
LG,7
에스텍,7
삼성전자,7
세아특수강,7
애경산업,7
대웅,7
한국콜마,7
보해양조,7
한진칼,7
원익머트리얼즈,7
금양,7
필룩스,7
코리아에프티,7
흥국,7
하이스틸,7
대원전선,7
남화토건,7
모비스,7
한국기업평가,7
진양산업,7
와이솔,7
한솔케미칼,7
에스디생명공학,7
모트렉스,7
다날,7
베스파,7
코미코,7
가온전선,7
한국맥널티,7
켐트로닉스,7
비씨월드제약,7
코프라,7
제넨바이오,7
STX엔진,7
엘오티베큠,7
대한항공,7
성호전자,7
해성디에스,7
넥센,7
아이오케이,7
코아스,7
케이씨,7
성우전자,7
미래테크놀로지,7
LS네트웍스,7
태광산업,7
SG충방,7
이스트소프트,7
하이트진로홀딩스,7
진로발효,7
인콘,7
세종텔레콤,7
후성,7
잉글우드랩,7
해태제과식품,7
성창기업지주,7
링네트,7
새론오토모티브,7
바이오니아,7
비엠티,7
이즈미디어,7
케이맥,7
베셀,7
에코플라스틱,7
보성파워텍,7
바른테크놀로지,7
혜인,7
콜마비앤에이치,7
화승엔터프라이즈,7
오션브릿지,7
하이즈항공,7
엔터메이트,7
디딤,7
삼진,7
고려아연,7
썸에이지,7
디와이,7
알서포트,7
바이온,7
제이에스티나,7
현대에이치씨엔,7
세진중공업,7
KH바텍,7
연우,7
드림시큐리티,7
현대비앤지스틸,7
미래아이앤지,7
디알젬,7
아비코전자,7
대아티아이,7
우리조명,7
벽산,7
올릭스,7
영신금속,7
삼성전기,7
코리아써키트,7
대원미디어,7
대성파인텍,7
사조대림,7
미원상사,7
이마트,7
다원시스,7
알에프텍,7
고려산업,7
내츄럴엔도텍,7
인트론바이오,7
예스24,7
코오롱,7
광진윈텍,7
HDC,7
대원제약,7
스페코,7
유성기업,7
이엠코리아,7
세이브존I&C,7
SBS미디어홀딩스,7
케이씨씨,7
KB오토시스,7
대창단조,7
아모텍,7
체리부로,7
수성,7
퓨쳐켐,7
광전자,7
테스,7
유틸렉스,7
로체시스템즈,7
스튜디오드래곤,7
칩스앤미디어,7
지트리비앤티,7
정산애강,7
서울도시가스,7
GST,7
아이에이치큐,7
제이콘텐트리,7
디케이앤디,7
파루,7
네오팜,7
LG상사,7
쌍용정보통신,7
포스코인터내셔널,7
위지윅스튜디오,7
코데즈컴바인,7
에이테크솔루션,7
일지테크,7
노랑풍선,7
부방,7
KMH하이텍,7
코웨이,7
한익스프레스,7
엔피씨,7
농심,7
우원개발,7
대교,7
덕우전자,7
CSA 코스믹,7
유니켐,7
씨에스윈드,7
프로텍,7
LS산전,6
일진디스플,6
방림,6
고려신용정보,6
아시아나IDT,6
한류AI센터,6
SBI핀테크솔루션즈,6
에이치엔티,6
대명코퍼레이션,6
파수닷컴,6
피에스엠씨,6
한류타임즈,6
바이오제네틱스,6
동양피엔에프,6
아이원스,6
삼보산업,6
종근당바이오,6
펌텍코리아,6
이지웰페어,6
한솔씨앤피,6
연이정보통신,6
골든센츄리,6
세원정공,6
HDC현대산업개발,6
백광산업,6
금비,6
대동전자,6
파멥신,6
포시에스,6
뉴프라이드,6
이그잭스,6
JTC,6
모아텍,6
스카이이앤엠,6
스타모빌리티,6
동원금속,6
시큐브,6
에스모 머티리얼즈,6
센트럴바이오,6
S&TC,6
마이크로텍,6
신성통상,6
하이골드8호,6
효성화학,6
효성티앤씨,6
GRT,6
체시스,6
효성첨단소재,6
나노메딕스,6
코텍,6
MP한강,6
효성오앤비,6
아이큐어,6
동부제철,6
만호제강,6
리드코프,6
EDGC,6
KD,6
윈하이텍,6
기신정기,6
태경화학,6
3S,6
농업회사법인아시아종묘,6
보라티알,6
영흥철강,6
이엠앤아이,6
효성중공업,6
까스텔바작,6
이스트아시아홀딩스,6
레고켐바이오,6
갤럭시아에스엠,6
레드로버,6
백광소재,6
세우글로벌,6
이더블유케이,6
핸디소프트,6
아리온,6
인터엠,6
현대상선,6
제이스테판,6
한국주철관공업,6
리드,6
해덕파워웨이,6
한국조선해양,6
오가닉티코스메틱,6
롯데지주,6
오리엔트바이오,6
세원,6
형지엘리트,6
바른손,6
한스바이오메드,6
풍강,6
라파스,5
유니셈,5
지노믹트리,5
레이,5
하이골드3호,5
이노메트리,5
필링크,5
휴네시온,5
케이사인,5
티케이케미칼,5
SNK,5
그린플러스,5
파커스,5
아우딘퓨쳐스,5
미창석유공업,5
에스피시스템스,5
녹십자랩셀,5
지누스,5
영풍제지,5
예선테크,5
디지캡,5
한성기업,5
플리토,5
우리넷,5
비피도,5
대모,5
LIG넥스원,5
줌인터넷,5
올리패스,5
이미지스,5
삼양홀딩스,5
우진비앤지,5
삼아제약,5
포인트엔지니어링,5
와이디온라인,5
우주일렉트로,5
슈프리마아이디,5
캐스텍코리아,5
신스타임즈,5
네오크레마,5
이랜시스,4
에이프런티어,4
제이앤티씨,4
씨에스베어링,4
태웅로직스,4
휴맥스홀딩스,4
에이피티씨,4
퓨전,4
캐리소프트,4
이트론,4
YBM넷,4
에스엔텍비엠,4
엔피디,4
국일제지,4
브릿지바이오,4
센트랄모텍,4
에스제이그룹,4
유아이디,4
동성코퍼레이션,4
서울바이오시스,4
켄코아에어로스페이스,4
LG유플러스,4
SK렌터카,4
유니테크노,4
아이티엠반도체,4
삼화왕관,4
피에스케이,4
삼진엘앤디,4
팜스빌,4
키다리스튜디오,4
율호,4
동우팜투테이블,4
ITX엠투엠,4
중앙에너비스,4
소프트캠프,4
멜파스,4
현대에너지솔루션,4
동아타이어,4
나노브릭,4
자비스,4
엔지스테크널러지,4
라이브파이낸셜,4
포비스티앤씨,4
제이티,4
한화시스템,4
에스앤씨엔진그룹,4
코리아센터,4
이노와이즈,4
천랩,4
드래곤플라이,4
코윈테크,4
코스나인,4
노터스,4
케이엔제이,4
이지케어텍,4
포티스,4
삼정펄프,3
아바텍,3
디엠티,3
삼성제약,3
티탑스,3
큐로,3
에스아이리소스,3
미디어젠,3
메디포럼제약,3
진매트릭스,3
큐브앤컴퍼니,3
스카이문스테크놀로지,3
제이엘케이인스펙션,3
와이비엠넷,3
에스씨디,3
삼영이엔씨,3
레이언스,3
골드퍼시픽,3
대림제지,3
수젠텍,3
바이오빌,3
자이글,3
씨티젠,3
이큐셀,3
이스타코,3
디씨엠,3
씨트리,3
파인넥스,2
넥스트BT,2
일양약품,2
두산솔루스,2
KCC건설,2
WI,2
리메드,1
큐리언트,1
애니플러스,1
비케이탑스,1
씨케이에이치,1
아이엠이연이,1
한샘,1
삼성바이오로직스,1
제이엘케이,1
KG ETS,1
이지웰,1
태경케미컬,1
동운아나텍,1
버킷스튜디오,1
수산아이앤티,1
이엔플러스,1
젬백스링크,1
자안,1
휴마시스,1
레이크머티리얼즈,1
러셀,1
에이루트,1
영흥,1
디스플레이텍,1
라온피플,1
화성산업,1
중앙리빙테크,1
서부T&D,1
대명소노시즌,1
HMM,1
랩지노믹스,1
KMH,1
경남바이오파마,1
네스엠,1
에코프로비엠,1
엘에스일렉트릭,1
에이스침대,1
씨아이에스,1
파수,1
캠시스,1
농우바이오,1
에어부산,1
우림기계,1
아이톡시,1
태경비케이,1
KG동부제철,1
제넥신,1
루미마이크로,1
